ticker,name,sector_jp
1332.T,ニッスイ,食品
1605.T,ＩＮＰＥＸ,エネルギー資源
1721.T,コムシスホールディングス,建設・資材
1801.T,大成建設,建設・資材
1802.T,大林組,建設・資材
1803.T,清水建設,建設・資材
1808.T,長谷工コーポレーション,建設・資材
1812.T,鹿島建設,建設・資材
1925.T,大和ハウス工業,建設・資材
1928.T,積水ハウス,建設・資材
1963.T,日揮ホールディングス,建設・資材
2002.T,日清製粉グループ本社,食品
2269.T,明治ホールディングス,食品
2282.T,日本ハム,食品
2413.T,エムスリー,情報通信・サービスその他
2432.T,ディー・エヌ・エー,情報通信・サービスその他
2501.T,サッポロホールディングス,食品
2502.T,アサヒグループホールディングス,食品
2503.T,キリンホールディングス,食品
2768.T,双日,商社・卸売
2801.T,キッコーマン,食品
2802.T,味の素,食品
285A.T,キオクシアホールディングス,電機・精密
2871.T,ニチレイ,食品
2914.T,JT,食品
3086.T,Ｊ．フロント　リテイリング,小売
3092.T,ＺＯＺＯ,小売
3099.T,三越伊勢丹ホールディングス,小売
3289.T,東急不動産ホールディングス,不動産
3382.T,セブン&アイ・ホールディングス,小売
3401.T,帝人,素材・化学
3402.T,東レ,素材・化学
3405.T,クラレ,素材・化学
3407.T,旭化成,素材・化学
3436.T,SUMCO,建設・資材
3659.T,ネクソン,情報通信・サービスその他
3697.T,ＳＨＩＦＴ,情報通信・サービスその他
3861.T,王子ホールディングス,素材・化学
4004.T,レゾナック・ホールディングス,素材・化学
4005.T,住友化学,素材・化学
4021.T,日産化学,素材・化学
4042.T,東ソー,素材・化学
4043.T,トクヤマ,素材・化学
4061.T,デンカ,素材・化学
4062.T,イビデン,電機・精密
4063.T,信越化学工業,素材・化学
4151.T,協和キリン,医薬品
4183.T,三井化学,素材・化学
4188.T,三菱ケミカルグループ,素材・化学
4208.T,ＵＢＥ,素材・化学
4307.T,野村総合研究所,情報通信・サービスその他
4324.T,電通グループ,情報通信・サービスその他
4385.T,メルカリ,情報通信・サービスその他
4452.T,花王,素材・化学
4502.T,武田薬品工業,医薬品
4503.T,アステラス製薬,医薬品
4506.T,住友ファーマ,医薬品
4507.T,塩野義製薬,医薬品
4519.T,中外製薬,医薬品
4523.T,エーザイ,医薬品
4543.T,テルモ,電機・精密
4568.T,第一三共,医薬品
4578.T,大塚ホールディングス,医薬品
4661.T,オリエンタルランド,情報通信・サービスその他
4689.T,ＬＩＮＥヤフー,情報通信・サービスその他
4704.T,トレンドマイクロ,情報通信・サービスその他
4751.T,サイバーエージェント,情報通信・サービスその他
4755.T,楽天グループ,情報通信・サービスその他
4901.T,富士フイルムHD,素材・化学
4902.T,コニカミノルタ,電機・精密
4911.T,資生堂,素材・化学
5019.T,出光興産,エネルギー資源
5020.T,ＥＮＥＯＳホールディングス,エネルギー資源
5101.T,横浜ゴム,自動車・輸送機
5108.T,ブリヂストン,自動車・輸送機
5201.T,ＡＧＣ,建設・資材
5214.T,日本電気硝子,建設・資材
5233.T,太平洋セメント,建設・資材
5301.T,東海カーボン,建設・資材
5332.T,ＴＯＴＯ,建設・資材
5333.T,日本碍子,建設・資材
5401.T,日本製鉄,鉄鋼・非鉄
5406.T,神戸製鋼所,鉄鋼・非鉄
5411.T,ＪＦＥホールディングス,鉄鋼・非鉄
543A.T,ARCHION,自動車・輸送機
5631.T,日本製鋼所,機械
5706.T,三井金属鉱業,鉄鋼・非鉄
5711.T,三菱マテリアル,鉄鋼・非鉄
5713.T,住友金属鉱山,鉄鋼・非鉄
5714.T,ＤＯＷＡホールディングス,鉄鋼・非鉄
5801.T,古河電気工業,鉄鋼・非鉄
5802.T,住友電気工業,鉄鋼・非鉄
5803.T,フジクラ,鉄鋼・非鉄
5831.T,しずおかフィナンシャルグループ,銀行
6098.T,リクルートHD,情報通信・サービスその他
6103.T,オークマ,機械
6113.T,アマダ,機械
6146.T,ディスコ,機械
6178.T,日本郵政,情報通信・サービスその他
6273.T,SMC,機械
6301.T,コマツ,機械
6302.T,住友重機械工業,機械
6305.T,日立建機,機械
6326.T,クボタ,機械
6361.T,荏原製作所,機械
6367.T,ダイキン工業,機械
6471.T,日本精工,機械
6472.T,ＮＴＮ,機械
6473.T,ジェイテクト,機械
6479.T,ミネベアミツミ,電機・精密
6501.T,日立製作所,電機・精密
6503.T,三菱電機,電機・精密
6504.T,富士電機,電機・精密
6506.T,安川電機,電機・精密
6526.T,ソシオネクスト,電機・精密
6532.T,ベイカレント,情報通信・サービスその他
6594.T,ニデック,電機・精密
6645.T,オムロン,電機・精密
6701.T,NEC,電機・精密
6702.T,富士通,電機・精密
6723.T,ルネサスエレクトロニクス,電機・精密
6724.T,セイコーエプソン,電機・精密
6752.T,パナソニックHD,電機・精密
6753.T,シャープ,電機・精密
6758.T,ソニーグループ,電機・精密
6762.T,TDK,電機・精密
6770.T,アルプスアルパイン,電機・精密
6841.T,横河電機,電機・精密
6857.T,アドバンテスト,電機・精密
6861.T,キーエンス,電機・精密
6890.T,フェローテックホールディングス,電機・精密
6902.T,デンソー,自動車・輸送機
6920.T,レーザーテック,電機・精密
6954.T,ファナック,電機・精密
6963.T,ローム,電機・精密
6971.T,京セラ,電機・精密
6976.T,太陽誘電,電機・精密
6981.T,村田製作所,電機・精密
6988.T,日東電工,素材・化学
7004.T,カナデビア,機械
7011.T,三菱重工業,機械
7012.T,川崎重工業,自動車・輸送機
7013.T,ＩＨＩ,機械
7186.T,コンコルディア・フィナンシャルグループ,銀行
7201.T,日産自動車,自動車・輸送機
7202.T,いすゞ自動車,自動車・輸送機
7203.T,トヨタ自動車,自動車・輸送機
7211.T,三菱自動車工業,自動車・輸送機
7261.T,マツダ,自動車・輸送機
7267.T,ホンダ,自動車・輸送機
7269.T,スズキ,自動車・輸送機
7270.T,ＳＵＢＡＲＵ,自動車・輸送機
7272.T,ヤマハ発動機,自動車・輸送機
7453.T,良品計画,小売
7532.T,パン・パシフィック・インターナショナルホールディングス,小売
7729.T,東京精密,電機・精密
7731.T,ニコン,電機・精密
7733.T,オリンパス,電機・精密
7735.T,SCREENホールディングス,電機・精密
7741.T,ＨＯＹＡ,電機・精密
7751.T,キヤノン,電機・精密
7752.T,リコー,電機・精密
7832.T,バンダイナムコホールディングス,情報通信・サービスその他
7911.T,ＴＯＰＰＡＮホールディングス,情報通信・サービスその他
7912.T,大日本印刷,情報通信・サービスその他
7951.T,ヤマハ,情報通信・サービスその他
7974.T,任天堂,情報通信・サービスその他
8001.T,伊藤忠商事,商社・卸売
8002.T,丸紅,商社・卸売
8015.T,豊田通商,商社・卸売
8031.T,三井物産,商社・卸売
8035.T,東京エレクトロン,電機・精密
8053.T,住友商事,商社・卸売
8058.T,三菱商事,商社・卸売
8233.T,高島屋,小売
8252.T,丸井グループ,小売
8253.T,クレディセゾン,金融（除く銀行）
8267.T,イオン,小売
8304.T,あおぞら銀行,銀行
8306.T,三菱UFJフィナンシャル・グループ,銀行
8308.T,りそなホールディングス,銀行
8309.T,三井住友トラストグループ,銀行
8316.T,三井住友フィナンシャルグループ,銀行
8331.T,千葉銀行,銀行
8354.T,ふくおかフィナンシャルグループ,銀行
8411.T,みずほフィナンシャルグループ,銀行
8591.T,オリックス,金融（除く銀行）
8601.T,大和証券グループ本社,金融（除く銀行）
8604.T,野村ホールディングス,金融（除く銀行）
8630.T,ＳＯＭＰＯホールディングス,金融（除く銀行）
8697.T,日本取引所グループ,金融（除く銀行）
8725.T,ＭＳ＆ＡＤインシュアランスグループホールディングス,金融（除く銀行）
8750.T,第一生命ホールディングス,金融（除く銀行）
8766.T,東京海上HD,金融（除く銀行）
8795.T,Ｔ＆Ｄホールディングス,金融（除く銀行）
8801.T,三井不動産,不動産
8802.T,三菱地所,不動産
8804.T,東京建物,不動産
8830.T,住友不動産,不動産
9001.T,東武鉄道,運輸・物流
9005.T,東急,運輸・物流
9007.T,小田急電鉄,運輸・物流
9008.T,京王電鉄,運輸・物流
9009.T,京成電鉄,運輸・物流
9020.T,JR東日本,運輸・物流
9021.T,西日本旅客鉄道,運輸・物流
9022.T,JR東海,運輸・物流
9064.T,ヤマトホールディングス,運輸・物流
9101.T,日本郵船,運輸・物流
9104.T,商船三井,運輸・物流
9107.T,川崎汽船,運輸・物流
9147.T,ＮＩＰＰＯＮ　ＥＸＰＲＥＳＳホールディングス,運輸・物流
9201.T,日本航空,運輸・物流
9202.T,ＡＮＡホールディングス,運輸・物流
9432.T,NTT,情報通信・サービスその他
9433.T,KDDI,情報通信・サービスその他
9434.T,ソフトバンク,情報通信・サービスその他
9501.T,東京電力ホールディングス,電力・ガス
9502.T,中部電力,電力・ガス
9503.T,関西電力,電力・ガス
9531.T,東京瓦斯,電力・ガス
9532.T,大阪瓦斯,電力・ガス
9602.T,東宝,情報通信・サービスその他
9735.T,セコム,情報通信・サービスその他
9766.T,コナミグループ,情報通信・サービスその他
9843.T,ニトリHD,小売
9983.T,ファーストリテイリング,小売
9984.T,ソフトバンクグループ,情報通信・サービスその他
